Commit made at Thu Jun 19 04:46:08 UTC 2025
Commit made at Tue Jul 15 05:18:27 UTC 2025
Commit made at Tue Jul 29 06:30:30 UTC 2025
Commit made at Wed Jul 30 05:05:29 UTC 2025
Commit made at Fri Aug  1 06:33:15 UTC 2025
Commit made at Tue Aug 12 07:42:25 UTC 2025
Commit made at Sun Aug 17 04:25:33 UTC 2025
Commit made at Tue Sep  2 04:01:00 UTC 2025
Commit made at Wed Sep  3 04:11:00 UTC 2025
Commit made at Mon Sep  8 06:08:48 UTC 2025
Commit made at Sun Oct 26 06:48:12 UTC 2025
Commit made at Tue Nov 25 05:53:44 UTC 2025
Commit made at Sun Nov 30 07:51:35 UTC 2025
